<?xml version="1.0" encoding="UTF-8"?>

<!DOCTYPE mapper
    PUBLIC "-//mybatis.org//DTD Mapper 3.0//EN"
    "http://mybatis.org/dtd/mybatis-3-mapper.dtd">
    <mapper namespace="Jjsp.co.tech.dao.Idao">
    <insert id="gwrite">
    INSERT INTO JWRITE VALUES(JJSNUMBER.NEXTVAL,
    #{param1},#{param2},
    #{param3})
    </insert>
    
    <select id="jmvs" resultType="Jjsp.co.tech.dto.MainView">
    SELECT * FROM JWRITE ORDER BY JNUM DESC
    </select>
    
     <insert id="gjoin">
    INSERT INTO LOGMEM VALUES(LOGJOIN.NEXTVAL,
    #{param1},#{param2},
    #{param3},SYSDATE,1)
    </insert>
    
    
    <select id="login" resultType="Jjsp.co.tech.dto.Memberdto">
		SELECT*FROM LOGMEM WHERE
		USERID=#{userid} AND USERPW=#{userpw}
	</select>
	
	<select id="jselect" resultType="Jjsp.co.tech.dto.Memberdto">
    SELECT * FROM LOGMEM ORDER BY JNUM DESC
    </select>
	
	
	<delete id="jdelete">
	DELETE FROM LOGMEM WHERE JNUM = #{param1}
	</delete>
	
	<select id="checkid" parameterType="String" resultType="Integer">
	SELECT COUNT(*) FROM LOGMEM WHERE USERID = #{userid}
	</select>
    </mapper>